n,seed,outcome_sample_size,truth,plugin_estimate,if_estimate,plugin_error,if_error,estimated_se,ci_lower,ci_upper,covered,ci_length,reward_rmse,g_rmse,g_estimand_shift,ratio_q99,ratio_max,ratio_ess,fore_selected_iterations,fore_apbv_score,fore_fit_seconds,fore_normalized_mass,fore_logit_cap_fraction,behavior_policy_selected_c,behavior_policy_validation_nll,transition_selected_alpha,transition_validation_mse,transition_residual_sd_x,transition_residual_sd_z,ratio_failure,fore_selected_iterations_by_fold,fore_apbv_scores_by_fold,failure_message,iid_estimated_se,fold_cluster_estimated_se,crossfit_fold_count,ci_critical_value,behavior_policy_selected_degree,data_fusion_policy_mode,data_fusion_transition_mode,data_fusion_g_mode,data_fusion_ratio_mode,normalization_policy_mode,data_fusion_target_gamma,data_fusion_repeated_splits,split_estimate_sd,behavior_probability_floor,behavior_probability_clipping_fraction
2500,242904,1000000,-0.3186509531480158,-0.3239443857077161,-0.23662344705531077,-0.0052934325597003284,0.08202750609270501,0.06808771718562107,-0.37007537273912805,-0.10317152137149349,1.0,0.26690385136763456,0.011256744399578111,0.002425315915397647,0.0030122077115029566,12.673569497665401,14.359492116090566,1728.5408246984298,260.0,0.004063477727335426,14.024015191826038,1.0,0.0,nan,nan,2.4219999999999997,0.03928121065600974,0.19678180207559592,0.19375442128202422,0.0,"[300, 300, 300, 300, 100]","[0.005272651114132942, 0.0, 0.0, 0.013171569388445083, 0.0018731681340991026]",,0.06808771718562107,0.04890482989645409,5.0,1.96,nan,known-logging,sieve,frozen,neural-fore,known-uniform,0.8,1.0,0.0,0.02,0.0
2500,342907,1000000,-0.3186509531480158,-0.32578932239804115,-0.3899579526950166,-0.007138369250025367,-0.07130699954700082,0.07576638885187639,-0.5384600748446944,-0.24145583054533887,1.0,0.29700424429935546,0.013132268113071267,0.002425315915397647,0.0030122077115029566,13.913439108930715,21.39284817466817,1647.3455817623098,220.0,0.004783892464320121,13.651804883219302,1.0,0.0,nan,nan,4.204,0.040210363877374,0.19845198259960908,0.20160479798188957,0.0,"[300, 300, 100, 100, 300]","[0.004944878473547774, 0.0006777916195482539, 0.0, 0.010461969574619054, 0.007834822653885524]",,0.07576638885187639,0.05239277543871764,5.0,1.96,nan,known-logging,sieve,frozen,neural-fore,known-uniform,0.8,1.0,0.0,0.02,0.0
2500,442910,1000000,-0.3186509531480158,-0.2945741864281156,-0.3541094608608725,0.024076766719900167,-0.035458507712856746,0.07555234840214582,-0.5021920637290783,-0.2060268579926667,1.0,0.29616520573641164,0.016631488444333323,0.002425315915397647,0.0030122077115029566,13.361743011054948,14.925981950376576,1686.5765021708164,140.0,0.007480907175045371,11.480453066632617,1.0,0.0,nan,nan,6.4,0.03950949038632538,0.19514187918377612,0.1999674844473535,0.0,"[300, 100, 100, 100, 100]","[0.00782664430495277, 0.008607010872949244, 0.013813525279919001, 0.0022702526726335478, 0.00488710274477229]",,0.07555234840214582,0.05672745063827612,5.0,1.96,nan,known-logging,sieve,frozen,neural-fore,known-uniform,0.8,1.0,0.0,0.02,0.0
2500,542913,1000000,-0.3186509531480158,-0.3033594484292316,-0.24847294362232106,0.015291504718784155,0.07017800952569472,0.07155468517412998,-0.3887201265636158,-0.1082257606810263,1.0,0.2804943658825895,0.009992368118409686,0.002425315915397647,0.0030122077115029566,13.79008574220328,15.179998901390668,1708.372430326295,180.0,0.006207628781700068,12.761840325233061,1.0,0.0,nan,nan,4.402,0.03988775033528115,0.19811657904173227,0.19948428321099698,0.0,"[100, 100, 300, 100, 300]","[0.0006075602744225939, 0.026069517520935264, 0.0, 0.0, 0.004361066113142487]",,0.07155468517412998,0.04745738262958049,5.0,1.96,nan,known-logging,sieve,frozen,neural-fore,known-uniform,0.8,1.0,0.0,0.02,0.0
2500,642916,1000000,-0.3186509531480158,-0.29675923658221043,-0.29770665059549545,0.021891716565805353,0.020944302552520333,0.07396104618638737,-0.4426703011208147,-0.15274300007017622,1.0,0.28992730105063846,0.01540808942466842,0.002425315915397647,0.0030122077115029566,13.833762415468314,16.889250659626814,1695.129923569712,100.0,0.008602766792552983,10.590698641585186,1.0,0.0,nan,nan,2.4219999999999997,0.04126208132899109,0.20007585432297667,0.20699632061693332,0.0,"[100, 100, 100, 100, 100]","[0.008907416267241949, 0.0008219889914025565, 0.011332565921424023, 0.016411681516239313, 0.005540181266457072]",,0.07396104618638737,0.05770932657028883,5.0,1.96,nan,known-logging,sieve,frozen,neural-fore,known-uniform,0.8,1.0,0.0,0.02,0.0
2500,742919,1000000,-0.3186509531480158,-0.31845843100118326,-0.39391702003920365,0.0001925221468325189,-0.07526606689118787,0.07523764520850153,-0.5413828046478666,-0.24645123543054065,1.0,0.294931569217326,0.012276892367801847,0.002425315915397647,0.0030122077115029566,14.092882910105569,15.125987634104453,1636.6209437657137,180.0,0.00854260337293273,12.643096500250977,1.0000000000000002,0.0,nan,nan,2.8,0.04194476704320507,0.20993673261876275,0.20082727053672716,0.0,"[100, 300, 300, 100, 100]","[0.0, 0.0, 0.012791552456918574, 0.0066595620726010935, 0.02326190233514398]",,0.07523764520850153,0.056892949476139695,5.0,1.96,nan,known-logging,sieve,frozen,neural-fore,known-uniform,0.8,1.0,0.0,0.02,0.0
2500,842922,1000000,-0.3186509531480158,-0.30220216789353316,-0.3542797340856715,0.016448785254482623,-0.0356287809376557,0.07711359901415324,-0.5054223881534119,-0.20313708001793113,1.0,0.3022853081354807,0.014467981074237956,0.002425315915397647,0.0030122077115029566,15.44456892611372,26.312581654647232,1622.1373578711712,180.0,0.009079523953356646,12.415011357993354,1.0,0.0,nan,nan,4.6,0.04067849077946716,0.19838078026246045,0.2063490148868244,0.0,"[100, 300, 100, 300, 100]","[0.004010679386537794, 0.010094172193076385, 0.005410339131824144, 0.003720561047003236, 0.022161868008341683]",,0.07711359901415324,0.07823945000072163,5.0,1.96,nan,known-logging,sieve,frozen,neural-fore,known-uniform,0.8,1.0,0.0,0.02,0.0
2500,942925,1000000,-0.3186509531480158,-0.3264372889676582,-0.2741357715952471,-0.007786335819642443,0.04451518155276868,0.0710975796501502,-0.4134870277095415,-0.1347845154809527,1.0,0.27870251222858883,0.01382100987123773,0.002425315915397647,0.0030122077115029566,12.366186754273691,14.410163588516442,1712.0307190229018,140.0,0.001748664209746932,11.633348816586658,1.0,0.0,nan,nan,6.4,0.04095081673489581,0.19811292594020113,0.2072452411236382,0.0,"[100, 300, 100, 100, 100]","[0.005315837616681701, 0.0, 0.0, 0.00267488796464368, 0.0007525954674092797]",,0.0710975796501502,0.031482613062766736,5.0,1.96,nan,known-logging,sieve,frozen,neural-fore,known-uniform,0.8,1.0,0.0,0.02,0.0
2500,1042928,1000000,-0.3186509531480158,-0.3073890114651868,-0.2725323252233006,0.011261941682828958,0.04611862792471516,0.07201223579260485,-0.41367630737680616,-0.1313883430697951,1.0,0.28228796430701103,0.01316115912123774,0.002425315915397647,0.0030122077115029566,13.019788281886806,17.137244712604012,1707.150784435524,140.0,0.004836595009388008,13.564668716595042,1.0,0.0,nan,nan,6.202,0.04338710993241759,0.20584131024028532,0.2098350508816403,0.0,"[100, 300, 100, 100, 100]","[0.0, 0.00687578576814357, 0.001519864218201259, 0.007778917499545385, 0.008008407561049822]",,0.07201223579260485,0.10016645092880548,5.0,1.96,nan,known-logging,sieve,frozen,neural-fore,known-uniform,0.8,1.0,0.0,0.02,0.0
2500,1142931,1000000,-0.3186509531480158,-0.2952861616198878,-0.14998724520057313,0.02336479152812798,0.16866370794744265,0.06987441078456245,-0.28694109033831555,-0.013033400062830713,0.0,0.27390769027548484,0.01747207540334962,0.002425315915397647,0.0030122077115029566,13.63617809579153,21.023247725272483,1679.9782501331485,180.0,0.007244174917422906,16.16011139998445,1.0,0.0,nan,nan,4.6,0.04083317535901557,0.20551235204232277,0.19544977448723663,0.0,"[100, 100, 300, 100, 300]","[0.007258771385210024, 0.012018088197990825, 0.011704715013918315, 0.005239299989995367, 0.0]",,0.06987441078456245,0.057892947814931345,5.0,1.96,nan,known-logging,sieve,frozen,neural-fore,known-uniform,0.8,1.0,0.0,0.02,0.0
2500,1242934,1000000,-0.3186509531480158,-0.30029506096685143,-0.24307931117856815,0.018355892181164346,0.07557164196944763,0.07204668467809454,-0.38429081314763347,-0.10186780920950286,1.0,0.2824230039381306,0.019975906666175495,0.002425315915397647,0.0030122077115029566,14.916112096257892,18.20494803705566,1632.3835658973148,180.0,0.013910942281668962,15.705288250616286,1.0,0.0,nan,nan,4.402,0.041920563270246805,0.19965276726385653,0.20858307736778067,0.0,"[100, 300, 100, 300, 100]","[0.016212282583740828, 0.003909787843344401, 0.03137666908214355, 0.0, 0.018055971899116032]",,0.07204668467809454,0.10808897945805038,5.0,1.96,nan,known-logging,sieve,frozen,neural-fore,known-uniform,0.8,1.0,0.0,0.02,0.0
2500,1342937,1000000,-0.3186509531480158,-0.3168287503443671,-0.2782041397010702,0.0018222028036486981,0.04044681344694556,0.07044746215703136,-0.4162811655288517,-0.14012711387328874,1.0,0.27615405165556295,0.012099589712803864,0.002425315915397647,0.0030122077115029566,12.927362008559992,15.904181517065547,1736.1168102410445,180.0,0.008915251262109503,15.961509433598257,1.0,0.0,nan,nan,4.6,0.04224506527066045,0.20376871777103575,0.20791525495326404,0.0,"[300, 100, 100, 100, 300]","[0.006598684329527649, 0.00943132126946088, 0.008122908712493214, 0.020423341999065772, 0.0]",,0.07044746215703136,0.025272604635181446,5.0,1.96,nan,known-logging,sieve,frozen,neural-fore,known-uniform,0.8,1.0,0.0,0.02,0.0
2500,1442940,1000000,-0.3186509531480158,-0.30182193354955433,-0.2662502621231595,0.016829019598461448,0.05240069102485628,0.07015648734369363,-0.40375697731679905,-0.12874354692951998,1.0,0.27501343038727905,0.014357958378393813,0.002425315915397647,0.0030122077115029566,12.29169572796801,14.69590296650391,1750.5557297401865,140.0,0.004420651338315686,14.17672844179906,1.0,0.0,nan,nan,2.224,0.040376644161633626,0.20095231411022837,0.19870646806469838,0.0,"[100, 100, 100, 100, 300]","[0.010042999449117908, 0.009818503055881575, 0.00047195267426789205, 0.001769801512311053, 0.0]",,0.07015648734369363,0.08296922743591026,5.0,1.96,nan,known-logging,sieve,frozen,neural-fore,known-uniform,0.8,1.0,0.0,0.02,0.0
2500,1542943,1000000,-0.3186509531480158,-0.2541549009450481,-0.2694669360022242,0.06449605220296767,0.04918401714579157,0.0724883144221051,-0.41154403226955016,-0.12738983973489823,1.0,0.28415419253465196,0.04781766713796151,0.002425315915397647,0.0030122077115029566,13.76458261381163,15.2754724409557,1691.9498743980887,180.0,0.006305332985087159,16.208293909195344,1.0,0.0,nan,nan,4.401999999999999,0.042347182178655594,0.2068132215729553,0.20181733059379048,0.0,"[300, 300, 100, 100, 100]","[0.0018341361694894167, 0.00794672142623, 0.006684069352092188, 0.015061737977624185, 0.0]",,0.0724883144221051,0.10473638610397627,5.0,1.96,nan,known-logging,sieve,frozen,neural-fore,known-uniform,0.8,1.0,0.0,0.02,0.0
2500,1642946,1000000,-0.3186509531480158,-0.3248179280150679,-0.44885976942832934,-0.006166974867052144,-0.13020881628031356,0.07613422664271079,-0.5980828536480425,-0.2996366852086162,1.0,0.2984461684394263,0.014995738240815595,0.002425315915397647,0.0030122077115029566,14.12341478779377,16.68519065529504,1655.7244150774695,140.0,0.007090857877667903,14.93017537543783,1.0,0.0,nan,nan,6.4,0.040857382593475024,0.19972645825660315,0.19837989641793113,0.0,"[100, 300, 100, 100, 100]","[0.012079836659323733, 0.005561684244432131, 0.00823446781127431, 0.004466508759640271, 0.005111791913669068]",,0.07613422664271079,0.05068471180006275,5.0,1.96,nan,known-logging,sieve,frozen,neural-fore,known-uniform,0.8,1.0,0.0,0.02,0.0
2500,1742949,1000000,-0.3186509531480158,-0.31332253992201775,-0.2158738439203531,0.00532841322599803,0.10277710922766267,0.06838376478143737,-0.34990602289197037,-0.08184166494873585,1.0,0.2680643579432345,0.016082765460459184,0.002425315915397647,0.0030122077115029566,13.152369778210941,17.500915564899728,1727.170196370681,140.0,0.0077667594607801205,14.162321891228203,1.0,0.0,nan,nan,2.8,0.040528061783480465,0.20201853779413845,0.19902308024857557,0.0,"[100, 100, 300, 100, 100]","[0.008964650786580824, 0.0012399559902428004, 0.0, 0.026455913430846238, 0.0021732770962307416]",,0.06838376478143737,0.054018590073523214,5.0,1.96,nan,known-logging,sieve,frozen,neural-fore,known-uniform,0.8,1.0,0.0,0.02,0.0
2500,1842952,1000000,-0.3186509531480158,-0.322200569015806,-0.3433335241391077,-0.0035496158677902345,-0.024682570991091946,0.0744722366274064,-0.48929910792882425,-0.19736794034939117,1.0,0.2919311675794331,0.015151372896103537,0.002425315915397647,0.0030122077115029566,13.363440073253063,15.14756992528365,1659.9156402983606,140.0,0.007488618556278052,11.176847967028152,1.0,0.0,nan,nan,0.8019999999999999,0.041863349802394915,0.2057915212210502,0.20425896761317391,0.0,"[100, 100, 100, 100, 300]","[0.006527399537545231, 0.012831278958049653, 0.007435241828542132, 0.010649172457253246, 0.0]",,0.0744722366274064,0.08989985144372023,5.0,1.96,nan,known-logging,sieve,frozen,neural-fore,known-uniform,0.8,1.0,0.0,0.02,0.0
2500,1942955,1000000,-0.3186509531480158,-0.31967084933674844,-0.28054671104222445,-0.0010198961887326607,0.03810424210579133,0.07211577673054488,-0.4218936334340924,-0.13919978865035648,1.0,0.28269384478373594,0.01564004905892815,0.002425315915397647,0.0030122077115029566,13.42878617229906,19.202498007824705,1642.83362766978,260.0,0.0019492792113084273,12.863316175004002,1.0,0.0,nan,nan,0.22600000000000003,0.03951869297809262,0.19372301313884233,0.20142596479052935,0.0,"[300, 300, 300, 300, 100]","[0.0009439252437578119, 0.0025232042428184995, 0.0, 0.003844995617518456, 0.002434270952447368]",,0.07211577673054488,0.09230141001549676,5.0,1.96,nan,known-logging,sieve,frozen,neural-fore,known-uniform,0.8,1.0,0.0,0.02,0.0
2500,2042958,1000000,-0.3186509531480158,-0.30346720827761536,-0.3991568264641457,0.015183744870400417,-0.0805058733161299,0.07534756169988667,-0.5468380473959236,-0.2514756055323678,1.0,0.29536244186355576,0.02050103487177235,0.002425315915397647,0.0030122077115029566,13.368727956687453,14.807615025124928,1670.472513489642,100.0,0.0038935655805147603,9.862914258427917,1.0,0.0,nan,nan,2.602,0.04154610208995949,0.20205508188642102,0.20414696389069595,0.0,"[100, 100, 100, 100, 100]","[0.005788627529326911, 0.004396692745970493, 0.008884452238542001, 0.0003980553887343938, 0.0]",,0.07534756169988667,0.08286016420911778,5.0,1.96,nan,known-logging,sieve,frozen,neural-fore,known-uniform,0.8,1.0,0.0,0.02,0.0
2500,2142961,1000000,-0.3186509531480158,-0.29778373557647947,-0.2102526228063335,0.020867217571536312,0.10839833034168228,0.06901833498684465,-0.34552855938054905,-0.07497668623211798,1.0,0.27055187314843104,0.01766452134768977,0.002425315915397647,0.0030122077115029566,12.001689516416265,13.207728791956475,1766.082674378555,140.0,0.005562189819436815,10.291452941589522,1.0,0.0,nan,nan,2.8,0.040082233737203585,0.20257155701689217,0.19708834443866025,0.0,"[100, 100, 100, 300, 100]","[0.0027531117471506997, 0.008504183992056623, 0.0025488811488068156, 0.006565582550158952, 0.007439189659010984]",,0.06901833498684465,0.08127049986092519,5.0,1.96,nan,known-logging,sieve,frozen,neural-fore,known-uniform,0.8,1.0,0.0,0.02,0.0
5000,485404,1000000,-0.3186509531480158,-0.2922494379086005,-0.2904508858041434,0.026401515239415307,0.02820006734387237,0.050817420406403455,-0.3900530298006942,-0.19084874180759265,1.0,0.19920428799310153,0.010646126872306327,0.002425315915397647,0.0030122077115029566,12.631545125340116,15.994200596319551,3354.8707242576634,220.0,0.004127855589475001,13.793366557604168,1.0,0.0,nan,nan,4.6,0.040322804072101176,0.19969709903822125,0.20115809050292946,0.0,"[300, 300, 100, 300, 100]","[0.005244289451773607, 0.0022087969151903465, 0.0032699725471993643, 0.0, 0.009916219033211686]",,0.050817420406403455,0.06789811473451719,5.0,1.96,nan,known-logging,sieve,frozen,neural-fore,known-uniform,0.8,1.0,0.0,0.02,0.0
5000,585407,1000000,-0.3186509531480158,-0.3278165265647522,-0.38955528215981683,-0.009165573416736406,-0.07090432901180105,0.05257783583768302,-0.49260784040167555,-0.2865027239179581,1.0,0.20610511648371743,0.007875081727515755,0.002425315915397647,0.0030122077115029566,14.464056280038477,18.45979797925742,3278.191937922975,220.0,0.003651838531705226,13.894106666767039,1.0,0.0,nan,nan,4.401999999999999,0.03940526769431181,0.1978925778146627,0.1998339591053629,0.0,"[100, 300, 300, 300, 100]","[0.012366547385973016, 0.0, 0.0, 0.002689898900155615, 0.003202746372397501]",,0.05257783583768302,0.03411298541535221,5.0,1.96,nan,known-logging,sieve,frozen,neural-fore,known-uniform,0.8,1.0,0.0,0.02,0.0
5000,685410,1000000,-0.3186509531480158,-0.31239178048665206,-0.32336328273033577,0.006259172661363721,-0.004712329582319985,0.050461811968878174,-0.422268434189337,-0.22445813127133454,1.0,0.19781030291800245,0.00782539501422376,0.002425315915397647,0.0030122077115029566,13.194791857072591,14.581412485007638,3344.578082074203,300.0,0.0024794144851489905,15.601601650379598,1.0,0.0,nan,nan,2.404,0.0404693530480271,0.2012253469282898,0.19867566794338326,0.0,"[300, 300, 300, 300, 300]","[0.0022678985352151144, 0.004523411543270483, 0.0012161440709338046, 0.0043896182763255515, 0.0]",,0.050461811968878174,0.06146951320132434,5.0,1.96,nan,known-logging,sieve,frozen,neural-fore,known-uniform,0.8,1.0,0.0,0.02,0.0
5000,785413,1000000,-0.3186509531480158,-0.3045296952832141,-0.3378797934273718,0.014121257864801673,-0.019228840279356008,0.0528428848182471,-0.4414518476711361,-0.23430773918360748,1.0,0.20714410848752862,0.007793229353070528,0.002425315915397647,0.0030122077115029566,14.471437842052476,16.467187636727868,3284.6027871394062,180.0,0.001834538573356732,13.105043757997919,1.0,0.0,nan,nan,2.206,0.039942513338398614,0.19934537378915476,0.19907893252116501,0.0,"[100, 100, 300, 100, 300]","[0.0024740526676605636, 0.001358609524017891, 0.0004977202178029208, 0.004347906928036108, 0.0004944035292661771]",,0.0528428848182471,0.055371232785685065,5.0,1.96,nan,known-logging,sieve,frozen,neural-fore,known-uniform,0.8,1.0,0.0,0.02,0.0
5000,885416,1000000,-0.3186509531480158,-0.3109635396057537,-0.3313376015750795,0.0076874135422621,-0.01268664842706374,0.05203351702290232,-0.4333232949399681,-0.22935190821019097,1.0,0.2039713867297771,0.011374160419455305,0.002425315915397647,0.0030122077115029566,13.206122303943465,16.390738362924587,3345.207067943264,180.0,0.0032387666871109807,13.4130378090078,1.0,0.0,nan,nan,4.402,0.03901455342374647,0.19862725105660478,0.19730605868641604,0.0,"[100, 100, 300, 100, 300]","[0.005539202470603451, 0.006940933202966361, 0.0035752841329806753, 0.00013841362900441444, 0.0]",,0.05203351702290232,0.05619588452054231,5.0,1.96,nan,known-logging,sieve,frozen,neural-fore,known-uniform,0.8,1.0,0.0,0.02,0.0
5000,985419,1000000,-0.3186509531480158,-0.3253737466203492,-0.38657925120497977,-0.006722793472333399,-0.06792829805696399,0.05303328545102013,-0.49052449068897924,-0.2826340117209803,1.0,0.20789047896799892,0.009058174661291402,0.002425315915397647,0.0030122077115029566,14.923446222989094,24.899962231035484,3302.401526840365,260.0,0.0020844408866390225,14.992441566789058,1.0000000000000002,0.0,nan,nan,4.402,0.04081373140610513,0.20300711692616563,0.20044216307532428,0.0,"[300, 300, 100, 300, 300]","[0.0, 0.0, 0.006315265961371999, 0.004106938471823113, 0.0]",,0.05303328545102013,0.07227639203141194,5.0,1.96,nan,known-logging,sieve,frozen,neural-fore,known-uniform,0.8,1.0,0.0,0.02,0.0
5000,1085422,1000000,-0.3186509531480158,-0.32293052335388195,-0.2926363964285968,-0.004279570205866168,0.02601455671941899,0.049548215460896966,-0.38975089873195484,-0.19552189412523874,1.0,0.1942290046067161,0.009587219090373435,0.002425315915397647,0.0030122077115029566,13.453378902991721,15.796230021548107,3469.7492822442873,180.0,0.001711909854556927,13.020537933974992,1.0,0.0,nan,nan,8.02,0.03962519521318284,0.1973792404416411,0.1985240489888159,0.0,"[100, 100, 100, 300, 300]","[0.006768288026734765, 0.001359849956456822, 0.0004314112895930469, 0.0, 0.0]",,0.049548215460896966,0.05287338313031236,5.0,1.96,nan,known-logging,sieve,frozen,neural-fore,known-uniform,0.8,1.0,0.0,0.02,0.0
5000,1185425,1000000,-0.3186509531480158,-0.32083747380685934,-0.3745015681786931,-0.0021865206588435604,-0.05585061503067734,0.05241107859488774,-0.4772272822246731,-0.27177585413271316,1.0,0.20545142809195996,0.009459815698241471,0.002425315915397647,0.0030122077115029566,14.78117022781398,22.389193718272352,3266.5502403951937,260.0,0.0024619975659892,14.594727933197282,1.0,0.0,nan,nan,0.406,0.04096765632714329,0.20264364910706725,0.199352275304228,0.0,"[100, 300, 300, 300, 300]","[0.009878620607312328, 0.0, 0.0007983912717794571, 0.0, 0.0016329759508542153]",,0.05241107859488774,0.03944916053566143,5.0,1.96,nan,known-logging,sieve,frozen,neural-fore,known-uniform,0.8,1.0,0.0,0.02,0.0
5000,1285428,1000000,-0.3186509531480158,-0.29500528828853845,-0.3327613190386081,0.023645664859477333,-0.014110365890592336,0.05177018253122042,-0.4342308767998001,-0.2312917612774161,1.0,0.20293911552238403,0.01087965994224418,0.002425315915397647,0.0030122077115029566,13.73366541131616,18.762047851643725,3300.9666781989454,260.0,0.001995529631888423,13.299481916800142,1.0,0.0,nan,nan,0.8019999999999999,0.041748805394010643,0.20359139465894271,0.20593709582599767,0.0,"[300, 300, 100, 300, 300]","[0.0, 0.0, 0.005479973552144641, 0.004497674607297473, 0.0]",,0.05177018253122042,0.039796549963566456,5.0,1.96,nan,known-logging,sieve,frozen,neural-fore,known-uniform,0.8,1.0,0.0,0.02,0.0
5000,1385431,1000000,-0.3186509531480158,-0.3157556027211093,-0.2841752293273539,0.0028953504269064734,0.034475723820661885,0.0505981345346888,-0.38334757301534395,-0.18500288563936385,1.0,0.1983446873759801,0.010458304857981323,0.002425315915397647,0.0030122077115029566,13.884509284164976,16.97516764776888,3281.1440329598545,300.0,0.0039726713815077105,14.124731441400945,1.0,0.0,nan,nan,2.404,0.03913304870193198,0.19606844335970103,0.2004193033770266,0.0,"[300, 300, 300, 300, 300]","[0.0, 0.0, 0.008675569283363594, 0.01118778762417496, 0.0]",,0.0505981345346888,0.03986444326561602,5.0,1.96,nan,known-logging,sieve,frozen,neural-fore,known-uniform,0.8,1.0,0.0,0.02,0.0
5000,1485434,1000000,-0.3186509531480158,-0.330282368481217,-0.2953710739637185,-0.011631415333201223,0.023279879184297303,0.048853219459223024,-0.3911233841037956,-0.19961876382364135,1.0,0.19150462028015425,0.01243853239269047,0.002425315915397647,0.0030122077115029566,13.21945349627809,16.403389490651783,3449.152619857136,140.0,0.006980633536048516,10.873088516585995,1.0,0.0,nan,nan,0.604,0.04155987459608724,0.2026932409157996,0.20002028214700762,0.0,"[100, 300, 100, 100, 100]","[0.008238812989866107, 0.0, 0.004518168905849011, 0.018373397358450692, 0.0037727884260767737]",,0.048853219459223024,0.021608301994505773,5.0,1.96,nan,known-logging,sieve,frozen,neural-fore,known-uniform,0.8,1.0,0.0,0.02,0.0
5000,1585437,1000000,-0.3186509531480158,-0.30518865936306355,-0.28872002361633997,0.013462293784952228,0.02993092953167581,0.05024507819985414,-0.3872003768880541,-0.19023967034462586,1.0,0.19696070654342823,0.011216234143457866,0.002425315915397647,0.0030122077115029566,13.509857099053114,17.0426816390945,3366.5400815970324,180.0,0.0029950430824565383,11.620805374789052,1.0,0.0,nan,nan,2.404,0.03977265054929682,0.2020213795355626,0.19761593249784437,0.0,"[100, 300, 300, 100, 100]","[0.0027273944790384, 0.0, 0.004416907212918248, 0.002692159706544379, 0.005138754013781667]",,0.05024507819985414,0.052152293588391366,5.0,1.96,nan,known-logging,sieve,frozen,neural-fore,known-uniform,0.8,1.0,0.0,0.02,0.0
5000,1685440,1000000,-0.3186509531480158,-0.3086093685657892,-0.3491553357504193,0.010041584582226593,-0.030504382602403513,0.05099624292275418,-0.4491079718790175,-0.2492026996218211,1.0,0.1999052722571964,0.015644111606858604,0.002425315915397647,0.0030122077115029566,13.694257306155775,15.152907119918003,3415.5287854354856,180.0,0.0037294661122547687,11.455293066380545,1.0,0.0,nan,nan,6.202,0.03818739522913877,0.19453419303737882,0.19270998329449804,0.0,"[300, 100, 300, 100, 100]","[0.0, 0.004442716616024701, 0.0028556659897675456, 0.006229643203264945, 0.005119304752216653]",,0.05099624292275418,0.05085715017340227,5.0,1.96,nan,known-logging,sieve,frozen,neural-fore,known-uniform,0.8,1.0,0.0,0.02,0.0
5000,1785443,1000000,-0.3186509531480158,-0.3261533813290105,-0.2685234794734577,-0.007502428180994725,0.050127473674558054,0.04906053015602546,-0.36468211857926763,-0.17236484036764782,1.0,0.1923172782116198,0.008991598580410166,0.002425315915397647,0.0030122077115029566,12.670975026680145,14.522154550465006,3450.313533140356,180.0,0.005937067118846259,11.533850833144971,1.0,0.0,nan,nan,2.206,0.03985819170428162,0.19964164382583266,0.20171316932472466,0.0,"[100, 300, 300, 100, 100]","[0.006808501306814535, 0.0, 0.011276034431185097, 0.005380859575889026, 0.0062199402803426364]",,0.04906053015602546,0.07758948697622861,5.0,1.96,nan,known-logging,sieve,frozen,neural-fore,known-uniform,0.8,1.0,0.0,0.02,0.0
5000,1885446,1000000,-0.3186509531480158,-0.338786876578462,-0.3507223888891897,-0.020135923430446234,-0.03207143574117394,0.05097914070685279,-0.45064150467462116,-0.2508032731037583,1.0,0.19983823157086295,0.01042781131965247,0.002425315915397647,0.0030122077115029566,13.097011960895093,16.88008225610553,3428.058705764346,260.0,0.0036646102843525576,13.327919775201007,1.0,0.0,nan,nan,2.8,0.04017925133586559,0.20313341556400383,0.19520631521416668,0.0,"[300, 300, 100, 300, 300]","[0.0061115968550857006, 0.0011862549792197353, 0.004859779600512942, 0.003125265404636628, 0.003040154582307783]",,0.05097914070685279,0.03420213649927548,5.0,1.96,nan,known-logging,sieve,frozen,neural-fore,known-uniform,0.8,1.0,0.0,0.02,0.0
5000,1985449,1000000,-0.3186509531480158,-0.31237742796143286,-0.2619837433729697,0.006273525186582918,0.05666720977504608,0.05118660746476388,-0.3623094940039069,-0.1616579927420325,1.0,0.20065150126187442,0.009249723658251571,0.002425315915397647,0.0030122077115029566,14.364456514525637,16.663680719130834,3274.442378801146,300.0,0.0015685390312769796,14.083824366808404,1.0,0.0,nan,nan,6.004,0.04171887393390512,0.20434189165036845,0.20377266057920398,0.0,"[300, 300, 300, 300, 300]","[0.006523778500566582, 0.0, 0.0, 0.0, 0.0013189166558183153]",,0.05118660746476388,0.060245863463214144,5.0,1.96,nan,known-logging,sieve,frozen,neural-fore,known-uniform,0.8,1.0,0.0,0.02,0.0
5000,2085452,1000000,-0.3186509531480158,-0.3114205149362112,-0.3283528916115267,0.00723043821180458,-0.009701938463510917,0.051904549532835347,-0.430085808695884,-0.22661997452716942,1.0,0.20346583416871455,0.00814538938230881,0.002425315915397647,0.0030122077115029566,13.95668705044101,15.081163484708727,3391.3120087229836,180.0,0.0030003232197525712,9.667116549774073,1.0,0.0,nan,nan,4.204,0.03968753841346481,0.19760473163843123,0.20022807042060647,0.0,"[300, 300, 100, 100, 100]","[0.0, 0.0021135886128356065, 0.00010292908664129771, 0.003856159781826485, 0.008928938617459466]",,0.051904549532835347,0.08196634667875065,5.0,1.96,nan,known-logging,sieve,frozen,neural-fore,known-uniform,0.8,1.0,0.0,0.02,0.0
5000,2185455,1000000,-0.3186509531480158,-0.3068238967891384,-0.3750468929645428,0.011827056358877375,-0.05639593981652702,0.052622281065440604,-0.4781865638528064,-0.2719072220762792,1.0,0.20627934177652715,0.010336233213948337,0.002425315915397647,0.0030122077115029566,14.292225370050591,18.887596381925384,3288.817752386651,180.0,0.004909931420458394,9.58501153398538,1.0,0.0,nan,nan,2.2239999999999998,0.04005559576548391,0.19621125815593693,0.20485101125845878,0.0,"[300, 100, 300, 100, 100]","[0.004582316875125209, 0.007304860310738537, 0.0007979240162405913, 0.007498199555561303, 0.004366356344626331]",,0.052622281065440604,0.018281419103860157,5.0,1.96,nan,known-logging,sieve,frozen,neural-fore,known-uniform,0.8,1.0,0.0,0.02,0.0
5000,2285458,1000000,-0.3186509531480158,-0.3108759624444611,-0.4223134448391802,0.007774990703554696,-0.10366249169116443,0.05428208331149516,-0.5287063281297107,-0.31592056154864967,1.0,0.21278576658106102,0.007489083764247587,0.002425315915397647,0.0030122077115029566,14.280515893815796,17.884540188696388,3235.545362678978,260.0,0.007793306122186294,10.84331636657007,1.0,0.0,nan,nan,2.8,0.04045281890282323,0.20070110495872712,0.1976131592145663,0.0,"[300, 300, 300, 100, 300]","[0.004861976662867697, 0.009865968233344848, 0.005092546157895996, 0.009815588511611628, 0.0093304510452113]",,0.05428208331149516,0.029290304117485327,5.0,1.96,nan,known-logging,sieve,frozen,neural-fore,known-uniform,0.8,1.0,0.0,0.02,0.0
5000,2385461,1000000,-0.3186509531480158,-0.31182606785121963,-0.2919576948150496,0.006824885296796146,0.026693258332966208,0.05068001457857254,-0.39129052338905174,-0.1926248662410474,1.0,0.19866565714800435,0.009183268445397555,0.002425315915397647,0.0030122077115029566,13.935379703825008,21.61944817505801,3373.572038380081,220.0,0.0021367052229575288,9.849264690978453,1.0,0.0,nan,nan,2.206,0.04123142617230345,0.2001393515934164,0.20291014994514356,0.0,"[100, 300, 100, 300, 300]","[0.005387528042698851, 0.0, 0.003501618480269826, 0.0, 0.001794379591818965]",,0.05068001457857254,0.043282537071496395,5.0,1.96,nan,known-logging,sieve,frozen,neural-fore,known-uniform,0.8,1.0,0.0,0.02,0.0
10000,970404,1000000,-0.3186509531480158,-0.3119942916268395,-0.31252647362932323,0.006656661521176277,0.006124479518692549,0.03535790428391508,-0.3818279660257968,-0.2432249812328497,1.0,0.1386029847929471,0.005870915298636338,0.002425315915397647,0.0030122077115029566,12.434881603912384,14.933120356955067,6784.619959276631,260.0,0.0016087041692356737,162.6586018664413,1.0,0.0,nan,nan,1.0,0.0399629458118374,0.20018519119415717,0.1998370387191853,0.0,"[300, 300, 100, 300, 300]","[0.0008052214709405215, 0.0036353715716929565, 0.0031069144448969037, 0.0, 0.0004960133586479864]",,0.03535790428391508,0.03516063070530187,5.0,1.96,nan,known-logging,sieve,frozen,neural-fore,known-uniform,0.8,1.0,0.0,0.02,0.0
10000,1070407,1000000,-0.3186509531480158,-0.316505536947709,-0.33394316840658883,0.0021454162003067823,-0.01529221525857305,0.03598216282468367,-0.4044682075429688,-0.26341812927020886,1.0,0.14105007827275998,0.00693130519829008,0.002425315915397647,0.0030122077115029566,12.685490838496841,15.384480258833737,6743.747483231964,220.0,0.003125583801233358,154.49562064100755,1.0,0.0,nan,nan,6.4,0.039948321648212944,0.19904096066999796,0.19963585031985617,0.0,"[100, 300, 300, 100, 300]","[0.010872944339041634, 0.0, 0.000509798223310997, 0.00424517644381416, 0.0]",,0.03598216282468367,0.022499425247798056,5.0,1.96,nan,known-logging,sieve,frozen,neural-fore,known-uniform,0.8,1.0,0.0,0.02,0.0
10000,1170410,1000000,-0.3186509531480158,-0.3134347317648391,-0.2603589716728563,0.005216221383176678,0.05829198147515946,0.03452494339494014,-0.328027860726939,-0.19269008261877366,1.0,0.13533777810816533,0.01192376530725538,0.002425315915397647,0.0030122077115029566,12.425615610065812,13.206208999470457,6804.670759855657,300.0,0.002889430332488969,164.9206122502219,1.0,0.0,nan,nan,4.006,0.03937285383065478,0.1958599064694335,0.20088094922870453,0.0,"[300, 300, 300, 300, 300]","[0.003932753399377535, 0.0, 0.0033094785017168727, 0.007204919761350438, 0.0]",,0.03452494339494014,0.03258742619686043,5.0,1.96,nan,known-logging,sieve,frozen,neural-fore,known-uniform,0.8,1.0,0.0,0.02,0.0
10000,1270413,1000000,-0.3186509531480158,-0.31445125194281487,-0.3072040822760932,0.004199701205200912,0.011446870871922588,0.03506613168261002,-0.3759337003740088,-0.23847446417817758,1.0,0.13745923619583125,0.006977794250668394,0.002425315915397647,0.0030122077115029566,12.82120082287041,15.928352640843789,6715.896783475998,260.0,0.0014081236314383645,161.7650816752226,1.0,0.0,nan,nan,8.2,0.04003973574879134,0.1988680613016118,0.200420958523643,0.0,"[300, 300, 300, 100, 300]","[0.0034236046677320977, 4.90444888200884e-05, 0.0, 0.003567969000639637, 0.0]",,0.03506613168261002,0.04718705550540811,5.0,1.96,nan,known-logging,sieve,frozen,neural-fore,known-uniform,0.8,1.0,0.0,0.02,0.0
10000,1370416,1000000,-0.3186509531480158,-0.31709046629550625,-0.30234406132718716,0.001560486852509535,0.016306891820828617,0.035667035550536526,-0.37225145100623874,-0.23243667164813558,1.0,0.1398147793581032,0.0066204849202482095,0.002425315915397647,0.0030122077115029566,12.463143467399169,13.834573474251853,6796.595717196908,260.0,0.006158095298612159,162.90574033340673,1.0,0.0,nan,nan,6.220000000000001,0.039817380428793,0.19851728587877224,0.2011126750126854,0.0,"[300, 300, 300, 300, 100]","[0.010058084999001342, 0.0, 0.0040965821959319335, 0.009242824376990165, 0.007392984921137356]",,0.035667035550536526,0.0183533684835002,5.0,1.96,nan,known-logging,sieve,frozen,neural-fore,known-uniform,0.8,1.0,0.0,0.02,0.0
10000,1470419,1000000,-0.3186509531480158,-0.32127045353776235,-0.3079402782316761,-0.002619500389746565,0.010710674916339702,0.035359535829678886,-0.3772449684578467,-0.23863558800550547,1.0,0.13860938045234122,0.006313011440311519,0.002425315915397647,0.0030122077115029566,12.481022125545696,15.560471807727843,6853.86856760793,260.0,0.001612936845540542,161.05276181618683,1.0,0.0,nan,nan,4.204,0.04056459719395339,0.20061813786161445,0.20129159235007368,0.0,"[300, 100, 300, 300, 300]","[0.00038364532159260395, 0.00425591140313003, 0.00313719152696055, 0.0002879359760195262, 0.0]",,0.035359535829678886,0.02013841519732607,5.0,1.96,nan,known-logging,sieve,frozen,neural-fore,known-uniform,0.8,1.0,0.0,0.02,0.0
10000,1570422,1000000,-0.3186509531480158,-0.3115973723295076,-0.3462150854336527,0.007053580818508154,-0.027564132285636922,0.03628404499479993,-0.41733181362346056,-0.27509835724384485,1.0,0.14223345637961574,0.006393995289479577,0.002425315915397647,0.0030122077115029566,12.806882050702956,16.6382884987246,6683.101007524312,300.0,0.0018712130076058882,169.12336431662553,1.0,0.0,nan,nan,0.8019999999999999,0.04070530145514935,0.19965430458035077,0.2032959267777429,0.0,"[300, 300, 300, 300, 300]","[0.0018456986983812116, 0.0, 0.0002266480384613097, 0.007283718301186919, 0.0]",,0.03628404499479993,0.04521461814272883,5.0,1.96,nan,known-logging,sieve,frozen,neural-fore,known-uniform,0.8,1.0,0.0,0.02,0.0
10000,1670425,1000000,-0.3186509531480158,-0.3152028984685667,-0.33947025924959734,0.0034480546794490863,-0.02081930610158156,0.036058357703004563,-0.41014464034748627,-0.2687958781517084,1.0,0.14134876219577788,0.006313398070331151,0.002425315915397647,0.0030122077115029566,13.19359081434882,16.781719897573254,6756.277491065123,300.0,0.0009019632249225959,168.13309083298083,1.0,0.0,nan,nan,2.602,0.040631845822850274,0.20248685761191396,0.2008892685761198,0.0,"[300, 300, 300, 300, 300]","[0.0016360281730908352, 0.0005981400267379814, 0.0022756479247841633, 0.0, 0.0]",,0.036058357703004563,0.03888270263685717,5.0,1.96,nan,known-logging,sieve,frozen,neural-fore,known-uniform,0.8,1.0,0.0,0.02,0.0
10000,1770428,1000000,-0.3186509531480158,-0.31929738747993447,-0.3799695518887913,-0.0006464343319186883,-0.0613185987407755,0.0368310311382256,-0.45215837291971345,-0.3077807308578691,1.0,0.14437764206184434,0.0072861481687354086,0.002425315915397647,0.0030122077115029566,13.246005751210301,16.723143450432364,6597.118292934705,300.0,0.0025189329986477103,61.33658053380204,0.9999999999999998,0.0,nan,nan,4.6,0.04038584265162555,0.20284676968169477,0.2011610912153073,0.0,"[300, 300, 300, 300, 300]","[0.004180826477684066, 0.00282134040303433, 0.0008576910979894407, 0.004734807014530717, 0.0]",,0.0368310311382256,0.03673902467871766,5.0,1.96,nan,known-logging,sieve,frozen,neural-fore,known-uniform,0.8,1.0,0.0,0.02,0.0
10000,1870431,1000000,-0.3186509531480158,-0.32115179872771954,-0.2743762661907589,-0.0025008455797037588,0.04427468695725689,0.03426007372313792,-0.3415260106881092,-0.20722652169340855,1.0,0.13429948899470065,0.005022624871239431,0.002425315915397647,0.0030122077115029566,12.427365448901151,14.128903646918875,6866.191195678096,300.0,0.0034607797805878094,62.88497821642086,1.0,0.0,nan,nan,6.4,0.03951286857795079,0.19859832568743768,0.19718573829735195,0.0,"[300, 300, 300, 300, 300]","[0.0008272822173525336, 0.0, 0.004219705462652571, 0.006824798571989045, 0.0054321126509449]",,0.03426007372313792,0.02595232034799032,5.0,1.96,nan,known-logging,sieve,frozen,neural-fore,known-uniform,0.8,1.0,0.0,0.02,0.0
10000,1970434,1000000,-0.3186509531480158,-0.31608531468846274,-0.3686272179496558,0.0025656384595530435,-0.049976264801640025,0.03660471898741067,-0.4403724671649807,-0.2968819687343309,1.0,0.14349049843064982,0.0067266850671490325,0.002425315915397647,0.0030122077115029566,13.315653096112747,19.6423811884907,6648.449139762285,300.0,0.0013005793566969784,65.5447609916213,0.9999999999999998,0.0,nan,nan,6.202,0.04171247614405739,0.2060548211256592,0.20409846987807115,0.0,"[300, 300, 300, 300, 300]","[0.0, 0.003508063401546403, 0.002994833381938489, 0.0, 0.0]",,0.03660471898741067,0.04341091659041209,5.0,1.96,nan,known-logging,sieve,frozen,neural-fore,known-uniform,0.8,1.0,0.0,0.02,0.0
10000,2070437,1000000,-0.3186509531480158,-0.30453256498700687,-0.3621636414677115,0.01411838816100891,-0.043512688319695736,0.03655095989850982,-0.43380352286879076,-0.2905237600666323,1.0,0.1432797628021585,0.007656765741958563,0.002425315915397647,0.0030122077115029566,13.834664300553806,22.19073215260255,6659.269630392575,300.0,0.002639554379152771,65.38453201662051,1.0,0.0,nan,nan,2.404,0.03920772032519844,0.19826729368123547,0.1976509985965202,0.0,"[300, 300, 300, 300, 300]","[0.003434000139884258, 0.0, 0.008288458623865125, 0.0, 0.0014753131320144712]",,0.03655095989850982,0.018302706820279364,5.0,1.96,nan,known-logging,sieve,frozen,neural-fore,known-uniform,0.8,1.0,0.0,0.02,0.0
10000,2170440,1000000,-0.3186509531480158,-0.3053551862717806,-0.3030865677465953,0.013295766876235182,0.015564385401420466,0.03595678555073658,-0.37356186742603903,-0.2326112680671516,1.0,0.1409505993588874,0.005343754175366961,0.002425315915397647,0.0030122077115029566,14.440125019493493,25.01849088357119,6566.38688956255,260.0,0.004824340833970039,60.73730279182782,1.0,0.0,nan,nan,4.6,0.04103856588255787,0.20463377091810653,0.20143410594649086,0.0,"[300, 100, 300, 300, 300]","[0.007649853473832733, 0.004991853295486224, 0.004903221198322514, 0.0065767762022087214, 0.0]",,0.03595678555073658,0.04053992184812446,5.0,1.96,nan,known-logging,sieve,frozen,neural-fore,known-uniform,0.8,1.0,0.0,0.02,0.0
10000,2270443,1000000,-0.3186509531480158,-0.31469696148052745,-0.3052787255789905,0.003953991667488332,0.013372227569025286,0.035686803163112214,-0.37522485977869047,-0.23533259137929055,1.0,0.1398922683993999,0.007382798725629526,0.002425315915397647,0.0030122077115029566,13.541480902317096,15.101719630680753,6585.710682974374,260.0,0.002348836696039855,58.62879806640558,1.0,0.0,nan,nan,6.0040000000000004,0.039734657314070804,0.19794857707201233,0.20041142922982536,0.0,"[300, 300, 100, 300, 300]","[0.0034289178391107102, 0.002604857196296309, 0.005710408444792256, 0.0, 0.0]",,0.035686803163112214,0.035879283772884296,5.0,1.96,nan,known-logging,sieve,frozen,neural-fore,known-uniform,0.8,1.0,0.0,0.02,0.0
10000,2370446,1000000,-0.3186509531480158,-0.3220908173481863,-0.2827279133069841,-0.003439864200170506,0.03592303984103168,0.03529010640142492,-0.35189652185377696,-0.21355930476019125,1.0,0.1383372170935857,0.006087819738847707,0.002425315915397647,0.0030122077115029566,13.399710369318072,16.154302638803454,6826.8465169442825,260.0,0.001143610429292455,61.60939940843964,1.0,0.0,nan,nan,4.006,0.039332472515667384,0.19814357767858232,0.19988282166431773,0.0,"[300, 100, 300, 300, 300]","[0.0, 0.00451014161340732, 0.0008145519899217166, 0.00039335854313323794, 0.0]",,0.03529010640142492,0.05182047829882452,5.0,1.96,nan,known-logging,sieve,frozen,neural-fore,known-uniform,0.8,1.0,0.0,0.02,0.0
10000,2470449,1000000,-0.3186509531480158,-0.3174475418513031,-0.2829085424736444,0.0012034112967126975,0.035742410674371394,0.0350698834486076,-0.3516455140329153,-0.2141715709143735,1.0,0.13747394311854177,0.005863227780126919,0.002425315915397647,0.0030122077115029566,12.675430624160239,16.396058823922566,6835.822685193368,260.0,0.00404897439079382,59.30489203322213,1.0,0.0,nan,nan,6.202,0.040253306879154516,0.20023262262540809,0.1993082910670802,0.0,"[300, 300, 300, 300, 100]","[0.002622217247069643, 0.0009563254945724963, 0.0, 0.007342654613993052, 0.009323674598333909]",,0.0350698834486076,0.03281488740380161,5.0,1.96,nan,known-logging,sieve,frozen,neural-fore,known-uniform,0.8,1.0,0.0,0.02,0.0
10000,2570452,1000000,-0.3186509531480158,-0.31520450863751737,-0.31208301803586486,0.0034464445104984143,0.006567935112150924,0.0362978077581146,-0.3832267212417695,-0.24093931482996023,1.0,0.14228740641180923,0.007582313637684422,0.002425315915397647,0.0030122077115029566,14.480667125533877,16.708821785403714,6611.894510036851,300.0,0.0016592775876195982,45.75607823298778,1.0,0.0,nan,nan,6.202,0.040573022161258326,0.19987530636975542,0.20225908954165236,0.0,"[300, 300, 300, 300, 300]","[0.0, 0.0034679815419044174, 0.003939723679303147, 0.0, 0.0008886827168904262]",,0.0362978077581146,0.031571419215445054,5.0,1.96,nan,known-logging,sieve,frozen,neural-fore,known-uniform,0.8,1.0,0.0,0.02,0.0
10000,2670455,1000000,-0.3186509531480158,-0.3205991242597617,-0.33406654218394205,-0.0019481711117459444,-0.01541558903592627,0.035344014606605655,-0.40334081081288914,-0.26479227355499496,1.0,0.13854853725789415,0.005215461098337077,0.002425315915397647,0.0030122077115029566,13.09409792919949,16.576905320357625,6835.446276640002,220.0,0.0031648193636863733,38.323513933410865,1.0,0.0,nan,nan,2.62,0.039306484199198834,0.19663500906373158,0.19929059039522773,0.0,"[100, 300, 100, 300, 300]","[0.005122218041048441, 0.0, 0.008019202591611622, 0.002682676185771802, 0.0]",,0.035344014606605655,0.02573300512158595,5.0,1.96,nan,known-logging,sieve,frozen,neural-fore,known-uniform,0.8,1.0,0.0,0.02,0.0
10000,2770458,1000000,-0.3186509531480158,-0.32041109311729943,-0.36652459380506974,-0.0017601399692836472,-0.04787364065705396,0.03674707273968918,-0.4385488563748605,-0.29450033123527897,1.0,0.14404852513958158,0.005473862267902094,0.002425315915397647,0.0030122077115029566,13.792089092585496,16.9100458663232,6579.523645342981,220.0,0.005898895016086621,36.717461383575575,1.0,0.0,nan,nan,4.401999999999999,0.03942838451499418,0.1985694886937795,0.19869230089826684,0.0,"[300, 100, 300, 100, 300]","[0.0, 0.01050090210391384, 0.002157988959891397, 0.007279816013780973, 0.009555768002846899]",,0.03674707273968918,0.03159281677116291,5.0,1.96,nan,known-logging,sieve,frozen,neural-fore,known-uniform,0.8,1.0,0.0,0.02,0.0
10000,2870461,1000000,-0.3186509531480158,-0.31550890459330083,-0.2983949412594755,0.003142048554714949,0.02025601188854026,0.03556243038595015,-0.36809730481593783,-0.2286925777030132,1.0,0.1394047271129246,0.005081867598830115,0.002425315915397647,0.0030122077115029566,14.125536446216564,16.235746968475194,6638.293770103787,260.0,0.0026285141379496025,39.363472575042394,1.0,0.0,nan,nan,0.406,0.03985537065935267,0.19787669113416428,0.20113410443411012,0.0,"[300, 100, 300, 300, 300]","[0.003852193538136313, 0.008943523649288004, 0.0003468535023236934, 0.0, 0.0]",,0.03556243038595015,0.036677597301563634,5.0,1.96,nan,known-logging,sieve,frozen,neural-fore,known-uniform,0.8,1.0,0.0,0.02,0.0
