study,example_id,n,repetitions,coverage_95,coverage_wilson_lower,coverage_wilson_upper,nominal_0.95_inside_wilson_interval,mc_sd_to_mean_se,absolute_bias_to_mean_se,diagnostic_only
main,1a,2500,300,0.9333333333333333,0.8992762041322797,0.9564328232030161,True,1.0889703814674851,0.058156492380061375,True
main,1a,5000,300,0.9366666666666666,0.9032079605174259,0.9590834439512181,True,1.0462763451602288,0.11429495710329791,True
main,1a,10000,300,0.9633333333333334,0.9355455130036123,0.9794049085318193,True,0.9483703297362295,0.08005572826699156,True
main,1b,25000,300,0.9266666666666666,0.8914679042010732,0.9510763688675256,True,1.0251760031201478,0.2869609950106502,True
main,1b,50000,300,0.9533333333333334,0.9232019646862172,0.9720013254491692,True,1.005787568564954,0.18981403894481153,True
main,1b,100000,300,0.9333333333333333,0.8992762041322797,0.9564328232030161,True,1.0058785149354141,0.11910820351001507,True
data-fusion,data-fusion,2500,300,0.9466666666666667,0.9151301612527315,0.966908374615958,True,1.036139833225236,0.03965427164561497,True
data-fusion,data-fusion,5000,300,0.96,0.9313951365400219,0.9769729078620613,True,0.9905151310062015,0.040231349363135625,True
data-fusion,data-fusion,10000,300,0.9366666666666666,0.9032079605174259,0.9590834439512181,True,1.0867685966298481,0.021218774538708702,True
